Niveles,Limite
3.372425899,0
2.898082969,0
2.724251808,0
3.929805855,0
1.76566934,0
2.656891549,0
2.751731193,0
3.255454909,0
2.547387052,0
2.689049417,0
2.726414397,0
2.757456432,0
2.769786572,0
2.805691883,0
2.806516246,0
2.808474852,0
2.877293599,0
2.829106105,0
2.800091406,0
2.79167002,0
2.769513163,0
2.75049185,0
2.673746947,0
